{
  "Timestamp": "2026-01-30T15:11:39.719486Z",
  "Environment": {
    "OS": "Unix 15.7.4",
    "Runtime": ".NET 10.0.1",
    "ProcessorCount": 10,
    "MachineName": "Toms-MacBook-Pro"
  },
  "Hermes": {
    "Name": "Hermes",
    "StartupTimeMs": {
      "Mean": 514.8566666666667,
      "Median": 519.51,
      "Min": 409.52,
      "Max": 805.46,
      "StdDev": 69.03584707678465,
      "P95": 599.5,
      "SampleCount": 30
    },
    "PeakMemoryMB": {
      "Mean": 81.45,
      "Median": 79.75,
      "Min": 53.703125,
      "Max": 106.609375,
      "StdDev": 8.626350195728982,
      "P95": 103.9375,
      "SampleCount": 30
    }
  },
  "Photino": {
    "Name": "Photino",
    "StartupTimeMs": {
      "Mean": 609.4283333333333,
      "Median": 588.85,
      "Min": 514.01,
      "Max": 1299.52,
      "StdDev": 135.2828324374488,
      "P95": 657.47,
      "SampleCount": 30
    },
    "PeakMemoryMB": {
      "Mean": 80.44947916666666,
      "Median": 81.6875,
      "Min": 34.140625,
      "Max": 88.046875,
      "StdDev": 8.990021823017035,
      "P95": 85.3125,
      "SampleCount": 30
    }
  },
  "Tauri": {
    "Name": "Tauri",
    "StartupTimeMs": {
      "Mean": 483.26666666666665,
      "Median": 481,
      "Min": 431,
      "Max": 578,
      "StdDev": 31.96650545906399,
      "P95": 530,
      "SampleCount": 30
    },
    "PeakMemoryMB": {
      "Mean": 54.53541666666667,
      "Median": 54.578125,
      "Min": 33.453125,
      "Max": 64.375,
      "StdDev": 4.4881870461875915,
      "P95": 60.265625,
      "SampleCount": 30
    }
  }
}